2020.01.02,07:00,1.12100,1.12120,1.12060,1.12080,100
2020.01.02,07:01,1.12080,1.12130,1.12060,1.12110,101
2020.01.02,07:02,1.12110,1.12160,1.12090,1.12140,102
2020.01.02,07:03,1.12140,1.12160,1.12100,1.12120,103
2020.01.02,07:04,1.12120,1.12170,1.12100,1.12150,104
2020.01.02,07:05,1.12150,1.12200,1.12130,1.12180,105
2020.01.02,07:06,1.12180,1.12200,1.12140,1.12160,106
2020.01.02,07:07,1.12160,1.12210,1.12140,1.12190,107
2020.01.02,07:08,1.12190,1.12240,1.12170,1.12220,108
2020.01.02,07:09,1.12220,1.12240,1.12180,1.12200,109
2020.01.02,07:10,1.12200,1.12250,1.12180,1.12230,110
2020.01.02,07:11,1.12230,1.12280,1.12210,1.12260,111
2020.01.02,07:12,1.12260,1.12280,1.12220,1.12240,112
2020.01.02,07:13,1.12240,1.12290,1.12220,1.12270,113
2020.01.02,07:14,1.12270,1.12320,1.12250,1.12300,114
2020.01.02,07:15,1.12300,1.12320,1.12260,1.12280,115
2020.01.02,07:16,1.12280,1.12330,1.12260,1.12310,116
2020.01.02,07:17,1.12310,1.12360,1.12290,1.12340,117
2020.01.02,07:18,1.12340,1.12360,1.12300,1.12320,118
2020.01.02,07:19,1.12320,1.12370,1.12300,1.12350,119
2020.01.02,07:20,1.12350,1.12400,1.12330,1.12380,120
2020.01.02,07:21,1.12380,1.12400,1.12340,1.12360,121
2020.01.02,07:22,1.12360,1.12410,1.12340,1.12390,122
2020.01.02,07:23,1.12390,1.12440,1.12370,1.12420,123
2020.01.02,07:24,1.12420,1.12440,1.12380,1.12400,124
2020.01.02,07:25,1.12400,1.12450,1.12380,1.12430,125
2020.01.02,07:26,1.12430,1.12480,1.12410,1.12460,126
2020.01.02,07:27,1.12460,1.12480,1.12420,1.12440,127
2020.01.02,07:28,1.12440,1.12490,1.12420,1.12470,128
2020.01.02,07:29,1.12470,1.12520,1.12450,1.12500,129
2020.01.02,07:30,1.12500,1.12520,1.12460,1.12480,130
2020.01.02,07:31,1.12480,1.12530,1.12460,1.12510,131
2020.01.02,07:32,1.12510,1.12560,1.12490,1.12540,132
2020.01.02,07:33,1.12540,1.12560,1.12500,1.12520,133
2020.01.02,07:34,1.12520,1.12570,1.12500,1.12550,134
2020.01.02,07:35,1.12550,1.12600,1.12530,1.12580,135
2020.01.02,07:36,1.12580,1.12600,1.12540,1.12560,136
2020.01.02,07:37,1.12560,1.12610,1.12540,1.12590,137
2020.01.02,07:38,1.12590,1.12640,1.12570,1.12620,138
2020.01.02,07:39,1.12620,1.12640,1.12580,1.12600,139
2020.01.02,07:40,1.12600,1.12650,1.12580,1.12630,140
2020.01.02,07:41,1.12630,1.12680,1.12610,1.12660,141
2020.01.02,07:42,1.12660,1.12680,1.12620,1.12640,142
2020.01.02,07:43,1.12640,1.12690,1.12620,1.12670,143
2020.01.02,07:44,1.12670,1.12720,1.12650,1.12700,144
2020.01.02,07:45,1.12700,1.12720,1.12660,1.12680,145
2020.01.02,07:46,1.12680,1.12730,1.12660,1.12710,146
2020.01.02,07:47,1.12710,1.12760,1.12690,1.12740,147
2020.01.02,07:48,1.12740,1.12760,1.12700,1.12720,148
2020.01.02,07:49,1.12720,1.12770,1.12700,1.12750,149
2020.01.02,07:50,1.12750,1.12800,1.12730,1.12780,150
2020.01.02,07:51,1.12780,1.12800,1.12740,1.12760,151
2020.01.02,07:52,1.12760,1.12810,1.12740,1.12790,152
2020.01.02,07:53,1.12790,1.12840,1.12770,1.12820,153
2020.01.02,07:54,1.12820,1.12840,1.12780,1.12800,154
2020.01.02,07:55,1.12800,1.12850,1.12780,1.12830,155
2020.01.02,07:56,1.12830,1.12880,1.12810,1.12860,156
2020.01.02,07:57,1.12860,1.12880,1.12820,1.12840,157
2020.01.02,07:58,1.12840,1.12890,1.12820,1.12870,158
2020.01.02,07:59,1.12870,1.12920,1.12850,1.12900,159
2020.01.02,08:00,1.12900,1.12920,1.12860,1.12880,160
2020.01.02,08:01,1.12880,1.12930,1.12860,1.12910,161
2020.01.02,08:02,1.12910,1.12960,1.12890,1.12940,162
2020.01.02,08:03,1.12940,1.12960,1.12900,1.12920,163
2020.01.02,08:04,1.12920,1.12970,1.12900,1.12950,164
2020.01.02,08:05,1.12950,1.13000,1.12930,1.12980,165
2020.01.02,08:06,1.12980,1.13000,1.12940,1.12960,166
2020.01.02,08:07,1.12960,1.13010,1.12940,1.12990,167
2020.01.02,08:08,1.12990,1.13040,1.12970,1.13020,168
2020.01.02,08:09,1.13020,1.13040,1.12980,1.13000,169
2020.01.02,08:10,1.13000,1.13050,1.12980,1.13030,170
2020.01.02,08:11,1.13030,1.13080,1.13010,1.13060,171
2020.01.02,08:12,1.13060,1.13080,1.13020,1.13040,172
2020.01.02,08:13,1.13040,1.13090,1.13020,1.13070,173
2020.01.02,08:14,1.13070,1.13120,1.13050,1.13100,174
2020.01.02,08:15,1.13100,1.13120,1.13060,1.13080,175
2020.01.02,08:16,1.13080,1.13130,1.13060,1.13110,176
2020.01.02,08:17,1.13110,1.13160,1.13090,1.13140,177
2020.01.02,08:18,1.13140,1.13160,1.13100,1.13120,178
2020.01.02,08:19,1.13120,1.13170,1.13100,1.13150,179
2020.01.02,08:20,1.13150,1.13200,1.13130,1.13180,180
2020.01.02,08:21,1.13180,1.13200,1.13140,1.13160,181
2020.01.02,08:22,1.13160,1.13210,1.13140,1.13190,182
2020.01.02,08:23,1.13190,1.13240,1.13170,1.13220,183
2020.01.02,08:24,1.13220,1.13240,1.13180,1.13200,184
2020.01.02,08:25,1.13200,1.13250,1.13180,1.13230,185
2020.01.02,08:26,1.13230,1.13280,1.13210,1.13260,186
2020.01.02,08:27,1.13260,1.13280,1.13220,1.13240,187
2020.01.02,08:28,1.13240,1.13290,1.13220,1.13270,188
2020.01.02,08:29,1.13270,1.13320,1.13250,1.13300,189
2020.01.02,08:30,1.13300,1.13320,1.13260,1.13280,190
2020.01.02,08:31,1.13280,1.13330,1.13260,1.13310,191
2020.01.02,08:32,1.13310,1.13360,1.13290,1.13340,192
2020.01.02,08:33,1.13340,1.13360,1.13300,1.13320,193
2020.01.02,08:34,1.13320,1.13370,1.13300,1.13350,194
2020.01.02,08:35,1.13350,1.13400,1.13330,1.13380,195
2020.01.02,08:36,1.13380,1.13400,1.13340,1.13360,196
2020.01.02,08:37,1.13360,1.13410,1.13340,1.13390,197
2020.01.02,08:38,1.13390,1.13440,1.13370,1.13420,198
2020.01.02,08:39,1.13420,1.13440,1.13380,1.13400,199
2020.01.02,08:40,1.13400,1.13450,1.13380,1.13430,200
2020.01.02,08:41,1.13430,1.13480,1.13410,1.13460,201
2020.01.02,08:42,1.13460,1.13480,1.13420,1.13440,202
2020.01.02,08:43,1.13440,1.13490,1.13420,1.13470,203
2020.01.02,08:44,1.13470,1.13520,1.13450,1.13500,204
2020.01.02,08:45,1.13500,1.13520,1.13460,1.13480,205
2020.01.02,08:46,1.13480,1.13530,1.13460,1.13510,206
2020.01.02,08:47,1.13510,1.13560,1.13490,1.13540,207
2020.01.02,08:48,1.13540,1.13560,1.13500,1.13520,208
2020.01.02,08:49,1.13520,1.13570,1.13500,1.13550,209
2020.01.02,08:50,1.13550,1.13600,1.13530,1.13580,210
2020.01.02,08:51,1.13580,1.13600,1.13540,1.13560,211
2020.01.02,08:52,1.13560,1.13610,1.13540,1.13590,212
2020.01.02,08:53,1.13590,1.13640,1.13570,1.13620,213
2020.01.02,08:54,1.13620,1.13640,1.13580,1.13600,214
2020.01.02,08:55,1.13600,1.13650,1.13580,1.13630,215
2020.01.02,08:56,1.13630,1.13680,1.13610,1.13660,216
2020.01.02,08:57,1.13660,1.13680,1.13620,1.13640,217
2020.01.02,08:58,1.13640,1.13690,1.13620,1.13670,218
2020.01.02,08:59,1.13670,1.13720,1.13650,1.13700,219
2020.01.02,09:00,1.13700,1.13720,1.13660,1.13680,220
2020.01.02,09:01,1.13680,1.13730,1.13660,1.13710,221
2020.01.02,09:02,1.13710,1.13760,1.13690,1.13740,222
2020.01.02,09:03,1.13740,1.13760,1.13700,1.13720,223
2020.01.02,09:04,1.13720,1.13770,1.13700,1.13750,224
2020.01.02,09:05,1.13750,1.13800,1.13730,1.13780,225
2020.01.02,09:06,1.13780,1.13800,1.13740,1.13760,226
2020.01.02,09:07,1.13760,1.13810,1.13740,1.13790,227
2020.01.02,09:08,1.13790,1.13840,1.13770,1.13820,228
2020.01.02,09:09,1.13820,1.13840,1.13780,1.13800,229
2020.01.02,09:10,1.13800,1.13850,1.13780,1.13830,230
2020.01.02,09:11,1.13830,1.13880,1.13810,1.13860,231
2020.01.02,09:12,1.13860,1.13880,1.13820,1.13840,232
2020.01.02,09:13,1.13840,1.13890,1.13820,1.13870,233
2020.01.02,09:14,1.13870,1.13920,1.13850,1.13900,234
2020.01.02,09:15,1.13900,1.13920,1.13860,1.13880,235
2020.01.02,09:16,1.13880,1.13930,1.13860,1.13910,236
2020.01.02,09:17,1.13910,1.13960,1.13890,1.13940,237
2020.01.02,09:18,1.13940,1.13960,1.13900,1.13920,238
2020.01.02,09:19,1.13920,1.13970,1.13900,1.13950,239
2020.01.02,09:20,1.13950,1.14000,1.13930,1.13980,240
2020.01.02,09:21,1.13980,1.14000,1.13940,1.13960,241
2020.01.02,09:22,1.13960,1.14010,1.13940,1.13990,242
2020.01.02,09:23,1.13990,1.14040,1.13970,1.14020,243
2020.01.02,09:24,1.14020,1.14040,1.13980,1.14000,244
2020.01.02,09:25,1.14000,1.14050,1.13980,1.14030,245
2020.01.02,09:26,1.14030,1.14080,1.14010,1.14060,246
2020.01.02,09:27,1.14060,1.14080,1.14020,1.14040,247
2020.01.02,09:28,1.14040,1.14090,1.14020,1.14070,248
2020.01.02,09:29,1.14070,1.14120,1.14050,1.14100,249
2020.01.02,09:30,1.14100,1.14120,1.14060,1.14080,250
2020.01.02,09:31,1.14080,1.14130,1.14060,1.14110,251
2020.01.02,09:32,1.14110,1.14160,1.14090,1.14140,252
2020.01.02,09:33,1.14140,1.14160,1.14100,1.14120,253
2020.01.02,09:34,1.14120,1.14170,1.14100,1.14150,254
2020.01.02,09:35,1.14150,1.14200,1.14130,1.14180,255
2020.01.02,09:36,1.14180,1.14200,1.14140,1.14160,256
2020.01.02,09:37,1.14160,1.14210,1.14140,1.14190,257
2020.01.02,09:38,1.14190,1.14240,1.14170,1.14220,258
2020.01.02,09:39,1.14220,1.14240,1.14180,1.14200,259
2020.01.02,09:40,1.14200,1.14250,1.14180,1.14230,260
2020.01.02,09:41,1.14230,1.14280,1.14210,1.14260,261
2020.01.02,09:42,1.14260,1.14280,1.14220,1.14240,262
2020.01.02,09:43,1.14240,1.14290,1.14220,1.14270,263
2020.01.02,09:44,1.14270,1.14320,1.14250,1.14300,264
2020.01.02,09:45,1.14300,1.14320,1.14260,1.14280,265
2020.01.02,09:46,1.14280,1.14330,1.14260,1.14310,266
2020.01.02,09:47,1.14310,1.14360,1.14290,1.14340,267
2020.01.02,09:48,1.14340,1.14360,1.14300,1.14320,268
2020.01.02,09:49,1.14320,1.14370,1.14300,1.14350,269
2020.01.02,09:50,1.14350,1.14400,1.14330,1.14380,270
2020.01.02,09:51,1.14380,1.14400,1.14340,1.14360,271
2020.01.02,09:52,1.14360,1.14410,1.14340,1.14390,272
2020.01.02,09:53,1.14390,1.14440,1.14370,1.14420,273
2020.01.02,09:54,1.14420,1.14440,1.14380,1.14400,274
2020.01.02,09:55,1.14400,1.14450,1.14380,1.14430,275
2020.01.02,09:56,1.14430,1.14480,1.14410,1.14460,276
2020.01.02,09:57,1.14460,1.14480,1.14420,1.14440,277
2020.01.02,09:58,1.14440,1.14490,1.14420,1.14470,278
2020.01.02,09:59,1.14470,1.14520,1.14450,1.14500,279
2020.01.02,10:00,1.14500,1.14520,1.14460,1.14480,280
2020.01.02,10:01,1.14480,1.14530,1.14460,1.14510,281
2020.01.02,10:02,1.14510,1.14560,1.14490,1.14540,282
2020.01.02,10:03,1.14540,1.14560,1.14500,1.14520,283
2020.01.02,10:04,1.14520,1.14570,1.14500,1.14550,284
2020.01.02,10:05,1.14550,1.14600,1.14530,1.14580,285
2020.01.02,10:06,1.14580,1.14600,1.14540,1.14560,286
2020.01.02,10:07,1.14560,1.14610,1.14540,1.14590,287
2020.01.02,10:08,1.14590,1.14640,1.14570,1.14620,288
2020.01.02,10:09,1.14620,1.14640,1.14580,1.14600,289
2020.01.02,10:10,1.14600,1.14650,1.14580,1.14630,290
2020.01.02,10:11,1.14630,1.14680,1.14610,1.14660,291
2020.01.02,10:12,1.14660,1.14680,1.14620,1.14640,292
2020.01.02,10:13,1.14640,1.14690,1.14620,1.14670,293
2020.01.02,10:14,1.14670,1.14720,1.14650,1.14700,294
2020.01.02,10:15,1.14700,1.14720,1.14660,1.14680,295
2020.01.02,10:16,1.14680,1.14730,1.14660,1.14710,296
2020.01.02,10:17,1.14710,1.14760,1.14690,1.14740,297
2020.01.02,10:18,1.14740,1.14760,1.14700,1.14720,298
2020.01.02,10:19,1.14720,1.14770,1.14700,1.14750,299
2020.01.02,10:20,1.14750,1.14800,1.14730,1.14780,300
2020.01.02,10:21,1.14780,1.14800,1.14740,1.14760,301
2020.01.02,10:22,1.14760,1.14810,1.14740,1.14790,302
2020.01.02,10:23,1.14790,1.14840,1.14770,1.14820,303
2020.01.02,10:24,1.14820,1.14840,1.14780,1.14800,304
2020.01.02,10:25,1.14800,1.14850,1.14780,1.14830,305
2020.01.02,10:26,1.14830,1.14880,1.14810,1.14860,306
2020.01.02,10:27,1.14860,1.14880,1.14820,1.14840,307
2020.01.02,10:28,1.14840,1.14890,1.14820,1.14870,308
2020.01.02,10:29,1.14870,1.14920,1.14850,1.14900,309
2020.01.02,10:30,1.14900,1.14920,1.14860,1.14880,310
2020.01.02,10:31,1.14880,1.14930,1.14860,1.14910,311
2020.01.02,10:32,1.14910,1.14960,1.14890,1.14940,312
2020.01.02,10:33,1.14940,1.14960,1.14900,1.14920,313
2020.01.02,10:34,1.14920,1.14970,1.14900,1.14950,314
2020.01.02,10:35,1.14950,1.15000,1.14930,1.14980,315
2020.01.02,10:36,1.14980,1.15000,1.14940,1.14960,316
2020.01.02,10:37,1.14960,1.15010,1.14940,1.14990,317
2020.01.02,10:38,1.14990,1.15040,1.14970,1.15020,318
2020.01.02,10:39,1.15020,1.15040,1.14980,1.15000,319
2020.01.02,10:40,1.15000,1.15050,1.14980,1.15030,320
2020.01.02,10:41,1.15030,1.15080,1.15010,1.15060,321
2020.01.02,10:42,1.15060,1.15080,1.15020,1.15040,322
2020.01.02,10:43,1.15040,1.15090,1.15020,1.15070,323
2020.01.02,10:44,1.15070,1.15120,1.15050,1.15100,324
2020.01.02,10:45,1.15100,1.15120,1.15060,1.15080,325
2020.01.02,10:46,1.15080,1.15130,1.15060,1.15110,326
2020.01.02,10:47,1.15110,1.15160,1.15090,1.15140,327
2020.01.02,10:48,1.15140,1.15160,1.15100,1.15120,328
2020.01.02,10:49,1.15120,1.15170,1.15100,1.15150,329
2020.01.02,10:50,1.15150,1.15200,1.15130,1.15180,330
2020.01.02,10:51,1.15180,1.15200,1.15140,1.15160,331
2020.01.02,10:52,1.15160,1.15210,1.15140,1.15190,332
2020.01.02,10:53,1.15190,1.15240,1.15170,1.15220,333
2020.01.02,10:54,1.15220,1.15240,1.15180,1.15200,334
2020.01.02,10:55,1.15200,1.15250,1.15180,1.15230,335
2020.01.02,10:56,1.15230,1.15280,1.15210,1.15260,336
2020.01.02,10:57,1.15260,1.15280,1.15220,1.15240,337
2020.01.02,10:58,1.15240,1.15290,1.15220,1.15270,338
2020.01.02,10:59,1.15270,1.15320,1.15250,1.15300,339
2020.01.02,11:00,1.15300,1.15320,1.15260,1.15280,340
2020.01.02,11:01,1.15280,1.15330,1.15260,1.15310,341
2020.01.02,11:02,1.15310,1.15360,1.15290,1.15340,342
2020.01.02,11:03,1.15340,1.15360,1.15300,1.15320,343
2020.01.02,11:04,1.15320,1.15370,1.15300,1.15350,344
2020.01.02,11:05,1.15350,1.15400,1.15330,1.15380,345
2020.01.02,11:06,1.15380,1.15400,1.15340,1.15360,346
2020.01.02,11:07,1.15360,1.15410,1.15340,1.15390,347
2020.01.02,11:08,1.15390,1.15440,1.15370,1.15420,348
2020.01.02,11:09,1.15420,1.15440,1.15380,1.15400,349
2020.01.02,11:10,1.15400,1.15450,1.15380,1.15430,350
2020.01.02,11:11,1.15430,1.15480,1.15410,1.15460,351
2020.01.02,11:12,1.15460,1.15480,1.15420,1.15440,352
2020.01.02,11:13,1.15440,1.15490,1.15420,1.15470,353
2020.01.02,11:14,1.15470,1.15520,1.15450,1.15500,354
2020.01.02,11:15,1.15500,1.15520,1.15460,1.15480,355
2020.01.02,11:16,1.15480,1.15530,1.15460,1.15510,356
2020.01.02,11:17,1.15510,1.15560,1.15490,1.15540,357
2020.01.02,11:18,1.15540,1.15560,1.15500,1.15520,358
2020.01.02,11:19,1.15520,1.15570,1.15500,1.15550,359
2020.01.02,11:20,1.15550,1.15600,1.15530,1.15580,360
2020.01.02,11:21,1.15580,1.15600,1.15540,1.15560,361
2020.01.02,11:22,1.15560,1.15610,1.15540,1.15590,362
2020.01.02,11:23,1.15590,1.15640,1.15570,1.15620,363
2020.01.02,11:24,1.15620,1.15640,1.15580,1.15600,364
2020.01.02,11:25,1.15600,1.15650,1.15580,1.15630,365
2020.01.02,11:26,1.15630,1.15680,1.15610,1.15660,366
2020.01.02,11:27,1.15660,1.15680,1.15620,1.15640,367
2020.01.02,11:28,1.15640,1.15690,1.15620,1.15670,368
2020.01.02,11:29,1.15670,1.15720,1.15650,1.15700,369
2020.01.02,11:30,1.15700,1.15720,1.15660,1.15680,370
2020.01.02,11:31,1.15680,1.15730,1.15660,1.15710,371
2020.01.02,11:32,1.15710,1.15760,1.15690,1.15740,372
2020.01.02,11:33,1.15740,1.15760,1.15700,1.15720,373
2020.01.02,11:34,1.15720,1.15770,1.15700,1.15750,374
2020.01.02,11:35,1.15750,1.15800,1.15730,1.15780,375
2020.01.02,11:36,1.15780,1.15800,1.15740,1.15760,376
2020.01.02,11:37,1.15760,1.15810,1.15740,1.15790,377
2020.01.02,11:38,1.15790,1.15840,1.15770,1.15820,378
2020.01.02,11:39,1.15820,1.15840,1.15780,1.15800,379
2020.01.02,11:40,1.15800,1.15850,1.15780,1.15830,380
2020.01.02,11:41,1.15830,1.15880,1.15810,1.15860,381
2020.01.02,11:42,1.15860,1.15880,1.15820,1.15840,382
2020.01.02,11:43,1.15840,1.15890,1.15820,1.15870,383
2020.01.02,11:44,1.15870,1.15920,1.15850,1.15900,384
2020.01.02,11:45,1.15900,1.15920,1.15860,1.15880,385
2020.01.02,11:46,1.15880,1.15930,1.15860,1.15910,386
2020.01.02,11:47,1.15910,1.15960,1.15890,1.15940,387
2020.01.02,11:48,1.15940,1.15960,1.15900,1.15920,388
2020.01.02,11:49,1.15920,1.15970,1.15900,1.15950,389
2020.01.02,11:50,1.15950,1.16000,1.15930,1.15980,390
2020.01.02,11:51,1.15980,1.16000,1.15940,1.15960,391
2020.01.02,11:52,1.15960,1.16010,1.15940,1.15990,392
2020.01.02,11:53,1.15990,1.16040,1.15970,1.16020,393
2020.01.02,11:54,1.16020,1.16040,1.15980,1.16000,394
2020.01.02,11:55,1.16000,1.16050,1.15980,1.16030,395
2020.01.02,11:56,1.16030,1.16080,1.16010,1.16060,396
2020.01.02,11:57,1.16060,1.16080,1.16020,1.16040,397
2020.01.02,11:58,1.16040,1.16090,1.16020,1.16070,398
2020.01.02,11:59,1.16070,1.16120,1.16050,1.16100,399
